{
    "Model_Name": [
        "qwen3-vl:2b-instruct",
        "qwen3-vl:4b-instruct",
        "qwen3-vl:8b-instruct",
        "llama3.2-vision:latest",
        "llava:7b",
        "llava:13b",
        "gemma3:4b",
        "gemma3:12b"
    ],
    "VLM_Accuracy": [
        50.0,
        100.0,
        100.0,
        29.166666666666664,
        16.666666666666664,
        16.666666666666664,
        50.0,
        16.666666666666664
    ],
    "Inference_Time_s": [
        3.4458,
        4.2556,
        4.5904,
        5.6063,
        4.4203,
        5.8962,
        3.5091,
        7.115
    ],
    "Parameters_B": [
        2.0,
        4.0,
        8.0,
        11.0,
        7.0,
        13.0,
        4.0,
        12.0
    ],
    "Architecture": [
        "qwen3",
        "qwen3",
        "qwen3",
        "llama3.2",
        "llava",
        "llava",
        "gemma3",
        "gemma3"
    ]
}